number,name,baby,unevolved,midStage,fullyEvolved,noEvolutions,multipleForms,regionalForms,mega,gigantamax,psuedolegendary,legendary,mythical,japan,america,france,britain,furry,meme
0,Missingno,,,,,,,,,,,,,,,,,,x
1,Bulbasaur,,x,,,,,,x,x,,,,x,,x,x,,
2,Ivysaur,,,x,,,,,x,x,,,,x,,x,x,,
3,Venusaur,,,,x,,,,x,x,,,,x,,x,x,,
4,Charmander,,x,,,,,,x,x,,,,x,,x,x,x,
5,Charmeleon,,,x,,,,,x,x,,,,x,,x,x,x,
6,Charizard,,,,x,,,,x,x,,,,x,,x,x,x,
7,Squirtle,,x,,,,,,x,x,,,,x,,x,x,,
8,Wartortle,,,x,,,,,x,x,,,,x,,x,x,,
9,Blastoise,,,,x,,,,x,x,,,,x,,x,x,,
10,Caterpie,,x,,,,,,,x,,,,x,,,x,,
11,Metapod,,,x,,,,,,x,,,,x,,,x,,
12,Butterfree,,,,x,,,,,x,,,,x,,,x,,
13,Weedle,,x,,,,,x,,,,,,x,,,,,
14,Kakuna,,,x,,,,x,,,,,,x,,,,,
15,Beedrill,,,,x,,,x,,,,,,x,,,,,
16,Pidgey,,x,,,,,x,,,,,,x,,,,,
17,Pidgeotto,,,x,,,,x,,,,,,x,,,,,
18,Pidgeot,,,,x,,,x,,,,,,x,,,,,x
19,Rattata,,x,,,,,x,,,,,,x,x,,,,
20,Raticate,,,,x,,,x,,,,,,x,x,,,,
21,Spearow,,x,,,,,,,,,,,x,,,,,
22,Fearow,,,,x,,,,,,,,,x,,,,,
23,Ekans,,x,,,,,,,,,,,x,,,,,
24,Arbok,,,,x,,,,,,,,,x,,,,,
25,Pikachu,,x,,,,,,,x,,,,x,x,,x,x,x
26,Raichu,,,,x,,,x,,,,,,x,x,,,x,
27,Sandshrew,,x,,,,,x,,,,,,x,x,,,,
28,Sandslash,,,x,,,,x,,,,,,x,x,,,,
29,Nidoran?,,x,,,,,,,,,,,x,,,,,
30,Nidorina,,,x,,,,,,,,,,x,,,,,
31,Nidoqueen,,,,x,,,,,,,,,x,,,,x,
32,Nidoran?,,x,,,,,,,,,,,x,,,,,
33,Nidorino,,,x,,,,,,,,,,x,,,,,
34,Nidoking,,,,x,,,,,,,,,x,,,,,x
35,Clefairy,,x,,,,,,,,,,,x,,,,,
36,Clefable,,,,x,,,,,,,,,x,,,,,
37,Vulpix,,x,,,,,x,,,,,,x,x,,,x,
38,Ninetales,,,,x,,,x,,,,,,x,x,,,x,
39,Jigglypuff,,x,,,,,,,,,,,x,,,,,
40,Wigglytuff,,,,x,,,,,,,,,x,,,,,
41,Zubat,,x,,,,,,,,,,,x,,,,,
42,Golbat,,,x,,,,,,,,,,x,,,,,
43,Oddish,,x,,,,,,,,,,,x,,,,,
44,Gloom,,,x,,,,,,,,,,x,,,,,
45,Vileplume,,,,x,,,,,,,,,x,,,,,
46,Paras,,x,,,,,,,,,,,x,,,,,
47,Parasect,,,,x,,,,,,,,,x,,,,,
48,Venonat,,x,,,,,,,,,,,x,,,,,
49,Venomoth,,,,x,,,,,,,,,x,,,,,x
50,Diglett,,x,,,,,x,,,,,,x,x,,,,
51,Dugtrio,,,,x,,,x,,,,,,x,x,,,,
52,Meowth,,x,,,,,x,,x,,,,x,x,,x,,
53,Persian,,,,x,,,,,,,,,x,x,,,,
54,Psyduck,,x,,,,,,,,,,,x,,,,,
55,Golduck,,,,x,,,,,,,,,x,,,,,
56,Mankey,,x,,,,,,,,,,,x,,,,,
57,Primeape,,,,x,,,,,,,,,x,,,,,
58,Growlithe,,x,,,,,x,,,,,,x,,,,,
59,Arcanine,,,,x,,,x,,,,,,x,,,,x,
60,Poliwag,,x,,,,,,,,,,,x,,,,,
61,Poliwhirl,,,x,,,,,,,,,,x,,,,,
62,Poliwrath,,,,x,,,,,,,,,x,,,,,
63,Abra,,x,,,,,,x,,,,,x,,x,,,
64,Kadabra,,,x,,,,,x,,,,,x,,x,,,
65,Alakazam,,,,x,,,,x,,,,,x,,x,,,
66,Machop,,x,,,,,,,x,,,,x,,,x,,
67,Machoke,,,x,,,,,,x,,,,x,,,x,,
68,Machamp,,,,x,,,,,x,,,,x,,,x,,
69,Bellsprout,,x,,,,,,,,,,,x,,,,,
70,Weepinbell,,,x,,,,,,,,,,x,,,,,
71,Victreebel,,,,x,,,,,,,,,x,,,,,
72,Tentacool,,x,,,,,,,,,,,x,,,,,
73,Tentacruel,,,,x,,,,,,,,,x,,,,,
74,Geodude,,x,,,,,x,,,,,,x,x,,,,
75,Graveler,,,x,,,,x,,,,,,x,x,,,,
76,Golem,,,,x,,,x,,,,,,x,x,,,,
77,Ponyta,,x,,,,,x,,,,,,x,,,x,,
78,Rapidash,,,,x,,,x,,,,,,x,,,x,,
79,Slowpoke,,x,,,,,x,x,,,,,x,,,,,
80,Slowbro,,,,x,,,x,x,,,,,x,,,x,,
81,Magnemite,,x,,,,,,,,,,,x,,,x,,
82,Magneton,,,x,,,,,,,,,,x,,,,,
83,Farfetch'd,,x,,,,,x,,,,,,x,,,x,,
84,Doduo,,x,,,,,,,,,,,x,,,,,
85,Dodrio,,,,x,,,,,,,,,x,,,,,
86,Seel,,x,,,,,,,,,,,x,,,,,
87,Dewgong,,,,x,,,,,,,,,x,,,,,
88,Grimer,,x,,,,,x,,,,,,x,x,,,,
89,Muk,,,,x,,,x,,,,,,x,x,,,,
90,Shellder,,x,,,,,,,,,,,x,,,,,
91,Cloyster,,,,x,,,,,,,,,x,,,,,
92,Gastly,,x,,,,,,x,x,,,,x,,x,x,,
93,Haunter,,,x,,,,,x,x,,,,x,,x,x,,
94,Gengar,,,,x,,,,x,x,,,,x,,x,x,x,
95,Onix,,x,,,,,,x,,,,,x,,,,,
96,Drowzee,,x,,,,,,,,,,,x,,,,,
97,Hypno,,,,x,,,,,,,,,x,,,,,
98,Krabby,,x,,,,,,,x,,,,x,,,x,,
99,Kingler,,,,x,,,,,x,,,,x,,,x,,
100,Voltorb,,x,,,,,x,,,,,,x,,,,,
101,Electrode,,,,x,,,x,,,,,,x,,,,,
102,Exeggcute,,x,,,,,,,,,,,x,x,,,,
103,Exeggutor,,,,x,,,x,,,,,,x,x,,,,
104,Cubone,,x,,,,,,,,,,,x,x,,,,
105,Marowak,,,,x,,,x,,,,,,x,x,,,,
106,Hitmonlee,,,,,x,,,,,,,,x,,,,,
107,Hitmonchan,,,,,x,,,,,,,,x,,,,,
108,Lickitung,,x,,,,,,,,,,,x,,,,,
109,Koffing,,x,,,,,,,,,,,x,,,x,,
110,Weezing,,,,x,,,x,,,,,,x,,,x,,
111,Rhyhorn,,x,,,,,,,,,,,x,,,,,
112,Rhydon,,,x,,,,,,,,,,x,,,,,
113,Chansey,,x,,,,,,,,,,,x,,,,,
114,Tangela,,x,,,,,,,,,,,x,,,,,
115,Kangaskhan,,,,,x,,,x,,,,,x,,,,,
116,Horsea,,x,,,,,,,,,,,x,,,,,
117,Seadra,,,x,,,,,,,,,,x,,,,,
118,Goldeen,,x,,,,,,,,,,,x,,,,,
119,Seaking,,,,x,,,,,,,,,x,,,,,
120,Staryu,,x,,,,,,,,,,,x,,,,,
121,Starmie,,,,x,,,,,,,,,x,,,,,
122,Mr. Mime,,,,x,,,,,,,,,x,,,x,,
123,Scyther,,x,,,,,,x,,,,,x,,,,,
124,Jynx,,,,,x,,,,,,,,x,,x,,,
125,Electabuzz,,x,,,,,,,,,,,x,,,,,
126,Magmar,,x,,,,,,,,,,,x,,,,,
127,Pinsir,,,,,x,,,x,,,,,x,,x,,,
128,Tauros,,,,,x,,,,,,,,x,,,,,
129,Magikarp,,x,,,,,,x,,,,,x,,x,,,
130,Gyarados,,,,x,,,,x,,,,,x,,x,,,
131,Lapras,,,,,x,,,,x,,,,x,,,x,,x
132,Ditto,,,,,x,,,,,,,,x,,,,,x
133,Eevee,,x,,,,,,x,,,,,x,,,,x,
134,Vaporeon,,,,x,,,,,,,,,x,,,,x,x
135,Jolteon,,,,x,,,,,,,,,x,,,,x,
136,Flareon,,,,x,,,,,,,,,x,,,,x,
137,Porygon,,x,,,,,,,,,,,x,,,,,
138,Omanyte,,x,,,,,,,,,,,x,,,,,x
139,Omastar,,,,x,,,,,,,,,x,,,,,
140,Kabuto,,x,,,,,,,,,,,x,,,,,
141,Kabutops,,,,x,,,,,,,,,x,,,,,
142,Aerodactyl,,x,,,,,,x,,,,,x,,x,,,
143,Snorlax,,,,,x,,,,x,,,,x,,,x,,
144,Articuno,,,,,x,,x,,,,x,,x,,,,,
145,Zapdos,,,,,x,,x,,,,x,,x,,,x,,x
146,Moltres,,,,,x,,x,,,,x,,x,,,x,,
147,Dratini,,x,,,,,,,,x,,,x,,,x,,
148,Dragonair,,,x,,,,,,,x,,,x,,,,,
149,Dragonite,,,,x,,,,,,x,,,x,,,,x,
150,Mewtwo,,,,,x,,,x,,,x,,x,,x,,x,
151,Mew,,,,,x,,,,,,,x,x,,,,x,x
152,Chikorita,,x,,,,,,,,,,,x,,,,,
153,Bayleef,,,x,,,,,,,,,,x,,,,,
154,Meganium,,,,x,,,,,,,,,x,,,,,
155,Cyndaquil,,x,,,,,,,,,,,x,,,,,
156,Quilava,,,x,,,,,,,,,,x,,,,x,
157,Typhlosion,,,,x,,,x,,,,,,x,,,,x,
158,Totodile,,x,,,,,,,,,,,x,,,,,
159,Croconaw,,,x,,,,,,,,,,x,,,,,
160,Feraligatr,,,,x,,,,,,,,,x,,,,x,
161,Sentret,,x,,,,,,,,,,,x,,,,,
162,Furret,,,,x,,,,,,,,,x,,,,,
163,Hoothoot,,x,,,,,,,,,,,x,,,,,
164,Noctowl,,,,x,,,,,,,,,x,,,,,
165,Ledyba,,x,,,,,,,,,,,x,,,,,
166,Ledian,,,,x,,,,,,,,,x,,,,,
167,Spinarak,,x,,,,,,,,,,,x,,,,,
168,Ariados,,,,x,,,,,,,,,x,,,,,
169,Crobat,,,,x,,,,,,,,,x,,,,,
170,Chinchou,,x,,,,,,,,,,,x,,,,,
171,Lanturn,,,,x,,,,,,,,,x,,,,,
172,Pichu,x,,,,,,,,x,,,,x,x,,x,,
173,Cleffa,x,,,,,,,,,,,,x,,,,,
174,Igglybuff,x,,,,,,,,,,,,x,,,,,
175,Togepi,x,,,,,,,,,,,,x,,,,,
176,Togetic,,x,,,,,,,,,,,x,,,,,
177,Natu,,x,,,,,,,,,,,x,,,,,
178,Xatu,,,,x,,,,,,,,,x,,,,,
179,Mareep,,x,,,,,,x,,,,,x,,x,,,
180,Flaaffy,,,x,,,,,x,,,,,x,,x,,,
181,Ampharos,,,,x,,,,x,,,,,x,,x,,x,
182,Bellossom,,,,x,,,,,,,,,x,,,,,
183,Marill,,x,,,,,,,,,,,x,,,,,
184,Azumarill,,,,x,,,,,,,,,x,,,,,
185,Sudowoodo,,,,,x,,,,,,,,x,,,,,
186,Politoed,,,,x,,,,,,,,,x,,,,,
187,Hoppip,,x,,,,,,,,,,,x,,,,,
188,Skiploom,,,x,,,,,,,,,,x,,,,,
189,Jumpluff,,,,x,,,,,,,,,x,,,,,
190,Aipom,,x,,,,,,,,,,,x,,,,,
191,Sunkern,,x,,,,,,,,,,,x,,,,,
192,Sunflora,,,,x,,,,,,,,,x,,,,,
193,Yanma,,x,,,,,,,,,,,x,,,,,
194,Wooper,,x,,,,,,,,,,,x,,,,,
195,Quagsire,,,,x,,,,,,,,,x,,,,,
196,Espeon,,,,x,,,,,,,,,x,,,,x,
197,Umbreon,,,,x,,,,,,,,,x,,,,x,
198,Murkrow,,x,,,,,,,,,,,x,,,,,
199,x,,,,x,,,x,,,,,,x,,,,,
200,Misdreavus,,,,x,,,,,,,,,x,,,,,
201,Unown,,,,,x,x,,,,,,,x,,,,,
202,Wobbuffet,,,,,x,,,,,,,,x,,,,,
203,Girafarig,,,,,x,,,,,,,,x,,,,,
204,Pineco,,x,,,,,,,,,,,x,,,,,
205,Forretress,,,,x,,,,,,,,,x,,,,,
206,Dunsparce,,,,,x,,,,,,,,x,,,,,
207,Gligar,,x,,,,,,,,,,,x,,,,,
208,Steelix,,,,x,,,,x,,,,,x,,,,,
209,Snubbull,,x,,,,,,,,,,,x,,,,,
210,Granbull,,,,x,,,,,,,,,x,,,,,
211,Qwilfish,,x,,,,,x,,,,,,x,,,,,
212,Scizor,,,,x,,,,x,,,,,x,,x,,,
213,Shuckle,,,,,x,,,,,,,,x,,,,,
214,Heracross,,,,,x,,,x,,,,,x,,x,,,
215,Sneasel,,x,,,,,x,,,,,,x,,,,,
216,Teddiursa,,x,,,,,,,,,,,x,,,,,
217,Ursaring,,,x,,,,,,,,,,x,,,,,
218,Slugma,,x,,,,,,,,,,,x,,,,,
219,Magcargo,,,,x,,,,,,,,,x,,,,,
220,Swinub,,x,,,,,,,,,,,x,,,,,
221,Piloswine,,,x,,,,,,,,,,x,,,,,
222,Corsola,,x,,,,,x,,,,,,x,,,x,,
223,Remoraid,,x,,,,,,,,,,,x,,,,,
224,Octillery,,,,x,,,,,,,,,x,,,,,
225,Delibird,,,,,x,,,,,,,,x,,,,,
226,Mantine,,,,,x,,,,,,,,x,,,,,
227,Skarmory,,,,,x,,,,,,,,x,,,,,
228,Houndour,,x,,,,,,x,,,,,x,,x,,,
229,Houndoom,,,,x,,,,x,,,,,x,,x,,,
230,Kingdra,,,,x,,,,,,,,,x,,,,,
231,Phanpy,,x,,,,,,,,,,,x,,,,,
232,Donphan,,,,x,,,,,,,,,x,,,,,
233,Porygon2,,,x,,,,,,,,,,x,,,,,
234,Stantler,,x,,,,,,,,,,,x,,,,,
235,Smeargle,,,,,x,,,,,,,,x,,,,,
236,Tyrogue,x,,,,,,,,,,,,x,,,,,
237,Hitmontop,,,,,x,,,,,,,,x,,,,,
238,Smoochum,x,,,,,,,,,,,,x,,,,,
239,Elekid,x,,,,,,,,,,,,x,,,,,
240,Magby,x,,,,,,,,,,,,x,,,,,
241,Miltank,,,,,x,,,,,,,,x,,,,,x
242,Blissey,,,,x,,,,,,,,,x,,,,,
243,Raikou,,,,,x,,,,,,x,,x,,,,,
244,Entei,,,,,x,,,,,,x,,x,,,,,
245,Suicune,,,,,x,,,,,,x,,x,,,,,
246,Larvitar,,x,,,,,,x,,x,,,x,,x,,,
247,Pupitar,,,x,,,,,x,,x,,,x,,x,,,
248,Tyranitar,,,,x,,,,x,,x,,,x,,x,,,
249,Lugia,,,,,x,,,,,,x,,x,,,,x,
250,Ho-Oh,,,,,x,,,,,,x,,x,,,,,
251,Celebi,,,,,x,,,,,,,x,x,,,,,
252,Treecko,,x,,,,,,x,,,,,x,,,,,
253,Grovyle,,,x,,,,,x,,,,,x,,,,,
254,Sceptile,,,,x,,,,x,,,,,x,,,,,
255,Torchic,,x,,,,,,x,,,,,x,,x,,,
256,Combusken,,,x,,,,,x,,,,,x,,x,,,
257,Blaziken,,,,x,,,,x,,,,,x,,x,,x,
258,Mudkip,,x,,,,,,x,,,,,x,,,,,x
259,Marshtomp,,,x,,,,,x,,,,,x,,,,,
260,Swampert,,,,x,,,,x,,,,,x,,,,,
261,Poochyena,,x,,,,,,,,,,,x,,,,,
262,Mightyena,,,,x,,,,,,,,,x,,,,x,
263,Zigzagoon,,x,,,,,x,,,,,,x,,,x,,
264,Linoone,,,x,,,,x,,,,,,x,,,x,,
265,Wurmple,,x,,,,,,,,,,,x,,,,,
266,Silcoon,,,x,,,,,,,,,,x,,,,,
267,Beautifly,,,,x,,,,,,,,,x,,,,,
268,Cascoon,,,x,,,,,,,,,,x,,,,,
269,Dustox,,,,x,,,,,,,,,x,,,,,
270,Lotad,,x,,,,,,,,,,,x,,,,,
271,Lombre,,,x,,,,,,,,,,x,,,,,
272,Ludicolo,,,,x,,,,,,,,,x,,,,,
273,Seedot,,x,,,,,,,,,,,x,,,,,
274,Nuzleaf,,,x,,,,,,,,,,x,,,,,x
275,Shiftry,,,,x,,,,,,,,,x,,,,,
276,Taillow,,x,,,,,,,,,,,x,,,,,
277,Swellow,,,,x,,,,,,,,,x,,,,,
278,Wingull,,x,,,,,,,,,,,x,,,,,
279,Pelipper,,,,x,,,,,,,,,x,,,,,
280,Ralts,,x,,,,,,x,,,,,x,,x,,,
281,Kirlia,,,x,,,,,x,,,,,x,,x,,x,
282,Gardevoir,,,,x,,,,x,,,,,x,,x,,x,
283,Surskit,,x,,,,,,,,,,,x,,,,,
284,Masquerain,,,,x,,,,,,,,,x,,,,,
285,Shroomish,,x,,,,,,,,,,,x,,,,,
286,Breloom,,,,x,,,,,,,,,x,,,,,
287,Slakoth,,x,,,,,,,,,,,x,,,,,
288,Vigoroth,,,x,,,,,,,,,,x,,,,,
289,Slaking,,,,x,,,,,,,,,x,,,,,
290,Nincada,,x,,,,,,,,,,,x,,,,,
291,Ninjask,,,,x,,,,,,,,,x,,,,,
292,Shedinja,,,,x,,,,,,,,,x,,,,,
293,Whismur,,x,,,,,,,,,,,x,,,,,
294,Loudred,,,x,,,,,,,,,,x,,,,,
295,Exploud,,,,x,,,,,,,,,x,,,,,
296,Makuhita,,x,,,,,,,,,,,x,,,,,
297,Hariyama,,,,x,,,,,,,,,x,,,,,
298,Azurill,x,,,,,,,,,,,,x,,,,,
299,Nosepass,,x,,,,,,,,,,,x,,,,,
300,Skitty,,x,,,,,,,,,,,x,,,,,
301,Delcatty,,,,x,,,,,,,,,x,,,,,
302,Sableye,,,,,x,,,x,,,,,x,,,,,
303,Mawile,,,,,x,,,x,,,,,x,,x,,x,
304,Aron,,x,,,,,,x,,,,,x,,x,,,
305,Lairon,,,x,,,,,x,,,,,x,,x,,,
306,Aggron,,,,x,,,,x,,,,,x,,x,,,
307,Meditite,,x,,,,,,x,,,,,x,,x,,,
308,Medicham,,,,x,,,,x,,,,,x,,x,,,
309,Electrike,,x,,,,,,x,,,,,x,,x,,,
310,Manectric,,,,x,,,,x,,,,,x,,x,,,
311,Plusle,,,,,x,,,,,,,,x,,,,,
312,Minun,,,,,x,,,,,,,,x,,,,,
313,Volbeat,,x,,,,,,,,,,,x,,,,,
314,Illumise,,,,x,,,,,,,,,x,,,,,
315,Roselia,,x,,,,,,,,,,,x,,,,,
316,Gulpin,,x,,,,,,,,,,,x,,,,,
317,Swalot,,,,x,,,,,,,,,x,,,,,
318,Carvanha,,x,,,,,,x,,,,,x,,,,,
319,Sharpedo,,,,x,,,,x,,,,,x,,,,,
320,Wailmer,,x,,,,,,,,,,,x,,,,,
321,Wailord,,,,x,,,,x,,,,,x,,,,,
322,Numel,,x,,,,,,x,,,,,x,,,,,
323,Camerupt,,,,x,,,,,,,,,x,,,,,
324,Torkoal,,,,,x,,,,,,,,x,,,,,
325,Spoink,,x,,,,,,,,,,,x,,,,,
326,Grumpig,,,,x,,,,,,,,,x,,,,,
327,Spinda,,,,,x,,,,,,,,x,,,,,
328,Trapinch,,x,,,,,,,,,,,x,,,,,
329,Vibrava,,,x,,,,,,,,,,x,,,,,
330,Flygon,,,,x,,,,,,,,,x,,,,x,
331,Cacnea,,x,,,,,,,,,,,x,,,,,
332,Cacturne,,,,x,,,,x,,,,,x,,,,,
333,Swablu,,x,,,,,,x,,,,,x,,,,,
334,Altaria,,,,x,,,,,,,,,x,,,,,
335,Zangoose,,,,,x,,,,,,,,x,,,,x,
336,Seviper,,,,,x,,,,,,,,x,,,,,
337,Lunatone,,,,,x,,,,,,,,x,,,,,
338,Solrock,,,,,x,,,,,,,,x,,,,,
339,Barboach,,x,,,,,,,,,,,x,,,,,
340,Whiscash,,,,x,,,,,,,,,x,,,,,
341,Corphish,,x,,,,,,,,,,,x,,,,,
342,Crawdaunt,,,,x,,,,,,,,,x,,,,,
343,Baltoy,,x,,,,,,,,,,,x,,,,,
344,Claydol,,,,x,,,,,,,,,x,,,,,
345,Lileep,,x,,,,,,,,,,,x,,,,,
346,Cradily,,,,x,,,,,,,,,x,,,,,
347,Anorith,,x,,,,,,,,,,,x,,,,,
348,Armaldo,,,,x,,,,,,,,,x,,,,,
349,Feebas,,x,,,,,,,,,,,x,,,,,
350,Milotic,,,,x,,,,,,,,,x,,,,,
351,Castform,,,,,x,,,,,,,,x,,,,,
352,Kecleon,,,,,x,,,,,,,,x,,,,,
353,Shuppet,,x,,,,,,x,,,,,x,,x,,,
354,Banette,,,,x,,,,x,,,,,x,,x,,,
355,Duskull,,x,,,,,,,,,,,x,,,,,
356,Dusclops,,,x,,,,,,,,,,x,,,,,
357,Tropius,,,,,x,,,,,,,,x,,,,,
358,Chimecho,,,,,x,,,,,,,,x,,,,,
359,Absol,,,,,x,,,x,,,,,x,,x,,x,
360,Wynaut,x,,,,,,,,,,,,x,,,,,
361,Snorunt,,x,,,,,,x,,,,,x,,,,,
362,Glalie,,,,x,,,,x,,,,,x,,,,,
363,Spheal,,x,,,,,,,,,,,x,,,,,
364,Sealeo,,,x,,,,,,,,,,x,,,,,
365,Walrein,,,,x,,,,,,,,,x,,,,,
366,Clamperl,,x,,,,,,,,,,,x,,,,,
367,Huntail,,,,x,,,,,,,,,x,,,,,
368,Gorebyss,,,,x,,,,,,,,,x,,,,,
369,Relicanth,,,,,x,,,,,,,,x,,,,,
370,Luvdisc,,,,,x,,,,,,,,x,,,,,
371,Bagon,,x,,,,,,x,,x,,,x,,,,,
372,Shelgon,,,x,,,,,x,,x,,,x,,,,,
373,Salamence,,,,x,,,,x,,x,,,x,,,,,
374,Beldum,,x,,,,,,x,,x,,,x,,,,,
375,Metang,,,x,,,,,x,,x,,,x,,,,,
376,Metagross,,,,x,,,,x,,x,,,x,,,,,
377,Regirock,,,,,x,,,,,,x,,x,,,,,
378,Regice,,,,,x,,,,,,x,,x,,,,,
379,Registeel,,,,,x,,,,,,x,,x,,,,,
380,Latias,,,,,x,,,x,,,x,,x,,x,,x,
381,Latios,,,,,x,,,x,,,x,,x,,x,,x,
382,Kyogre,,,,,x,,,,,,x,,x,,,,,
383,Groudon,,,,,x,,,,,,x,,x,,,,,
384,Rayquaza,,,,,x,,,x,,,x,,x,,,,,
385,Jirachi,,,,,x,,,,,,,x,x,,,,,
386,Deoxys,,,,,x,,,,,,,x,x,,,,,
387,Turtwig,,x,,,,,,,,,,,x,,,,,
388,Grotle,,,x,,,,,,,,,,x,,,,,
389,Torterra,,,,x,,,,,,,,,x,,,,,
390,Chimchar,,x,,,,,,,,,,,x,,,,,
391,Monferno,,,x,,,,,,,,,,x,,,,,
392,Infernape,,,,x,,,,,,,,,x,,,,,
393,Piplup,,x,,,,,,,,,,,x,,,,,
394,Prinplup,,,x,,,,,,,,,,x,,,,,
395,Empoleon,,,,x,,,,,,,,,x,,,,,
396,Starly,,x,,,,,,,,,,,x,,,,,
397,Staravia,,,x,,,,,,,,,,x,,,,,
398,Staraptor,,,,x,,,,,,,,,x,,,,,
399,Bidoof,,x,,,,,,,,,,,x,,,,,
400,Bibarel,,,,x,,,,,,,,,x,,,,,
401,Kricketot,,x,,,,,,,,,,,x,,,,,
402,Kricketune,,,,x,,,,,,,,,x,,,,,
403,Shinx,,x,,,,,,,,,,,x,,,,,
404,Luxio,,,x,,,,,,,,,,x,,,,,
405,Luxray,,,,x,,,,,,,,,x,,,,x,
406,Budew,x,,,,,,,,,,,,x,,,,,
407,Roserade,,,,x,,,,,,,,,x,,,,,
408,Cranidos,,x,,,,,,,,,,,x,,,,,
409,Rampardos,,,,x,,,,,,,,,x,,,,,
410,Shieldon,,x,,,,,,,,,,,x,,,,,
411,Bastiodon,,,,x,,,,,,,,,x,,,,,
412,Burmy,,x,,,,,,,,,,,x,,,,,
413,Wormadam,,,,x,,,,,,,,,x,,,,,
414,Mothim,,,,,x,,,,,,,,x,,,,,
415,Combee,,x,,,,,,,,,,,x,,,,,
416,Vespiquen,,,,x,,,,,,,,,x,,,,,
417,Pachirisu,,,,,x,,,,,,,,x,,,,,
418,Buizel,,x,,,,,,,,,,,x,,,,x,
419,Floatzel,,,,x,,,,,,,,,x,,,,x,
420,Cherubi,,x,,,,,,,,,,,x,,,,,
421,Cherrim,,,,x,,,,,,,,,x,,,,,
422,Shellos,,x,,,,x,,,,,,,x,,,,,
423,Gastrodon,,,,x,,x,,,,,,,x,,,,,
424,Ambipom,,,,x,,,,,,,,,x,,,,,
425,Drifloon,,x,,,,,,,,,,,x,,,,,
426,Drifblim,,,,x,,,,,,,,,x,,,,,
427,Buneary,,x,,,,,,x,,,,,x,,,,x,
428,Lopunny,,,,x,,,,x,,,,,x,,,,,
429,Mismagius,,,,x,,,,,,,,,x,,,,,
430,Honchkrow,,,,x,,,,,,,,,x,,,,,
431,Glameow,,x,,,,,,,,,,,x,,,,,
432,Purugly,,,,x,,,,,,,,,x,,,,,
433,Chingling,x,,,,,,,,,,,,x,,,,,
434,Stunky,,x,,,,,,,,,,,x,,,,,
435,Skuntank,,,,x,,,,,,,,,x,,,,,
436,Bronzor,,x,,,,,,,,,,,x,,,,,
437,Bronzong,,,,x,,,,,,,,,x,,,,,
438,Bonsly,x,,,,,,,,,,,,x,,,,,
439,Mime Jr.,x,,,,,,,,,,,,x,,,,,
440,Happiny,x,,,,,,,,,,,,x,,,x,,
441,Chatot,,,,,x,,,,,,,,x,,,,,
442,Spiritomb,,,,,x,,,,,,,,x,,,,,
443,Gible,,x,,,,,,x,,x,,,x,,x,,,
444,Gabite,,,x,,,,,x,,x,,,x,,x,,,
445,Garchomp,,,,x,,,,x,,x,,,x,,x,,x,
446,Munchlax,x,,,,,,,,x,,,,x,,,x,,
447,Riolu,x,,,,,,,x,,,,,x,,x,,x,
448,Lucario,,,,,x,,,x,,,,,x,,x,,x,
449,Hippopotas,,x,,,,,,,,,,,x,,,,,
450,Hippowdon,,,,x,,,,,,,,,x,,,,,
451,Skorupi,,x,,,,,,,,,,,x,,,,,
452,Drapion,,,,x,,,,,,,,,x,,,,,
453,Croagunk,,x,,,,,,,,,,,x,,,,,
454,Toxicroak,,,,x,,,,,,,,,x,,,,,
455,Carnivine,,,,,x,,,,,,,,x,,,,,
456,Finneon,,x,,,,,,,,,,,x,,,,,
457,Lumineon,,,,x,,,,,,,,,x,,,,,
458,Mantyke,x,,,,,,,,,,,,x,,,,,
459,Snover,,x,,,,,,x,,,,,x,,x,,,
460,Abomasnow,,,,x,,,,x,,,,,x,,x,,,
461,Weavile,,,,x,,,,,,,,,x,,,,x,
462,Magnezone,,,,x,,,,,,,,,x,,,,,
463,Lickilicky,,,,x,,,,,,,,,x,,,,,
464,Rhyperior,,,,x,,,,,,,,,x,,,,,
465,Tangrowth,,,,x,,,,,,,,,x,,,,,
466,Electivire,,,,x,,,,,,,,,x,,,,,
467,Magmortar,,,,x,,,,,,,,,x,,,,,
468,Togekiss,,,,x,,,,,,,,,x,,,,,
469,Yanmega,,,,x,,,,,,,,,x,,,,,
470,Leafeon,,,,x,,,,,,,,,x,,,,x,
471,Glaceon,,,,x,,,,,,,,,x,,,,x,
472,Gliscor,,,,x,,,,,,,,,x,,,,,
473,Mamoswine,,,,x,,,,,,,,,x,,,,,
474,Porygon-Z,,,,x,,,,,,,,,x,,,,,
475,Gallade,,,,x,,,,x,,,,,x,,,,,
476,Probopass,,,,x,,,,,,,,,x,,,,,
477,Dusknoir,,,,x,,,,,,,,,x,,,,,
478,Froslass,,,,x,,,,,,,,,x,,,,,
479,Rotom,,,,,x,,,,,,,,x,,,,,
480,Uxie,,,,,x,,,,,,x,,x,,,,,
481,Mesprit,,,,,x,,,,,,x,,x,,,,,
482,Azelf,,,,,x,,,,,,x,,x,,,,,
483,Dialga,,,,,x,,,,,,x,,x,,,,,
484,Palkia,,,,,x,,,,,,x,,x,,,,,
485,Heatran,,,,,x,,,,,,x,,x,,,,,
486,Regigigas,,,,,x,,,,,,x,,x,,,,,
487,Giratina,,,,,x,,,,,,x,,x,,,,,
488,Cresselia,,,,,x,,,,,,x,,x,,,,,
489,Phione,,x,,,,,,,,,,x,x,,,,,
490,Manaphy,,,,x,,,,,,,,x,x,,,,,
491,Darkrai,,,,,x,,,,,,,x,x,,,,,
492,Shaymin,,,,,x,,,,,,,x,x,,,,,
493,Arceus,,,,,x,,,,,,,x,x,,,,,
494,Victini,,,,,x,,,,,,,x,x,,,,,
495,Snivy,,x,,,,,,,,,,,,x,,,x,
496,Servine,,,x,,,,,,,,,,,x,,,,
497,Serperior,,,,x,,,,,,,,,,x,,,x,
498,Tepig,,x,,,,,,,,,,,,x,,,,
499,Pignite,,,x,,,,,,,,,,,x,,,,
500,Emboar,,,,x,,,,,,,,,,x,,,,
501,Oshawott,,x,,,,,,,,,,,,x,,,,
502,Dewott,,,x,,,,,,,,,,,x,,,,
503,Samurott,,,,x,,,x,,,,,,,x,,,,
504,Patrat,,x,,,,,,,,,,,,x,,,,
505,Watchog,,,,x,,,,,,,,,,x,,,,
506,Lillipup,,x,,,,,,,,,,,,x,,,,
507,Herdier,,,x,,,,,,,,,,,x,,,,
508,Stoutland,,,,x,,,,,,,,,,x,,,,
509,Purrloin,,x,,,,,,,,,,,,x,,,,
510,Liepard,,,,x,,,,,,,,,,x,,,,
511,Pansage,,x,,,,,,,,,,,,x,,,,
512,Simisage,,,,x,,,,,,,,,,x,,,,
513,Pansear,,x,,,,,,,,,,,,x,,,,
514,Simisear,,,,x,,,,,,,,,,x,,,,
515,Panpour,,x,,,,,,,,,,,,x,,,,
516,Simipour,,,,x,,,,,,,,,,x,,,,
517,Munna,,x,,,,,,,,,,,,x,,,,
518,Musharna,,,,x,,,,,,,,,,x,,,,
519,Pidove,,x,,,,,,,,,,,,x,,,,
520,Tranquill,,,x,,,,,,,,,,,x,,,,
521,Unfezant,,,,x,,,,,,,,,,x,,,,
522,Blitzle,,x,,,,,,,,,,,,x,,,,
523,Zebstrika,,,,x,,,,,,,,,,x,,,,
524,Roggenrola,,x,,,,,,,,,,,,x,,,,
525,Boldore,,,x,,,,,,,,,,,x,,,,
526,Gigalith,,,,x,,,,,,,,,,x,,,,
527,Woobat,,x,,,,,,,,,,,,x,,,,
528,Swoobat,,,,x,,,,,,,,,,x,,,,
529,Drilbur,,x,,,,,,,,,,,,x,,,,
530,Excadrill,,,,x,,,,,,,,,,x,,,,
531,Audino,,,,,x,,,x,,,,,,x,,,x,
532,Timburr,,x,,,,,,,,,,,,x,,,,
533,Gurdurr,,,x,,,,,,,,,,,x,,,,
534,Conkeldurr,,,,x,,,,,,,,,,x,,,,
535,Tympole,,x,,,,,,,,,,,,x,,,,
536,Palpitoad,,,x,,,,,,,,,,,x,,,,
537,Seismitoad,,,,x,,,,,,,,,,x,,,,
538,Throh,,,,,x,,,,,,,,,x,,,,
539,Sawk,,,,,x,,,,,,,,,x,,,,
540,Sewaddle,,x,,,,,,,,,,,,x,,,,
541,Swadloon,,,x,,,,,,,,,,,x,,,,
542,Leavanny,,,,x,,,,,,,,,,x,,,,
543,Venipede,,x,,,,,,,,,,,,x,,,,
544,Whirlipede,,,x,,,,,,,,,,,x,,,,
545,Scolipede,,,,x,,,,,,,,,,x,,,,
546,Cottonee,,x,,,,,,,,,,,,x,,,,
547,Whimsicott,,,,x,,,,,,,,,,x,,,,
548,Petilil,,x,,,,,,,,,,,,x,,,,
549,Lilligant,,,,x,,,x,,,,,,,x,,,,
550,Basculin,,x,,,,x,,,,,,,,x,,,,
551,Sandile,,x,,,,,,,,,,,,x,,,,
552,Krokorok,,,x,,,,,,,,,,,x,,,,
553,Krookodile,,,,x,,,,,,,,,,x,,,,
554,Darumaka,,x,,,,,x,,,,,,,x,,,,
555,Darmanitan,,,,x,,,x,,,,,,,x,,x,,
556,Maractus,,,,,x,,,,,,,,,x,,x,,
557,Dwebble,,x,,,,,,,,,,,,x,,,,
558,Crustle,,,,x,,,,,,,,,,x,,,,
559,Scraggy,,x,,,,,,,,,,,,x,,,,
560,Scrafty,,,,x,,,,,,,,,,x,,,,
561,Sigilyph,,,,,x,,,,,,,,,x,,,,
562,Yamask,,x,,,,,x,,,,,,,x,,,,
563,Cofagrigus,,,,x,,,,,,,,,,x,,x,,
564,Tirtouga,,x,,,,,,,,,,,,x,,,,
565,Carracosta,,,,x,,,,,,,,,,x,,,,
566,Archen,,x,,,,,,,,,,,,x,,,,
567,Archeops,,,,x,,,,,,,,,,x,,,,
568,Trubbish,,x,,,,,,,x,,,,,x,,x,,
569,Garbodor,,,,x,,,,,x,,,,,x,,x,,
570,Zorua,,x,,,,,x,,,,,,,x,,,x,
571,Zoroark,,,,x,,,x,,,,,,,x,,,x,
572,Minccino,,x,,,,,,,,,,,,x,,,,
573,Cinccino,,,,x,,,,,,,,,,x,,,,
574,Gothita,,x,,,,,,,,,,,,x,,,,
575,Gothorita,,,x,,,,,,,,,,,x,,,,
576,Gothitelle,,,,x,,,,,,,,,,x,,,,
577,Solosis,,x,,,,,,,,,,,,x,,,,
578,Duosion,,,x,,,,,,,,,,,x,,,,
579,Reuniclus,,,,x,,,,,,,,,,x,,,,
580,Ducklett,,x,,,,,,,,,,,,x,,,,
581,Swanna,,,,x,,,,,,,,,,x,,,,
582,Vanillite,,x,,,,,,,,,,,,x,,,,
583,Vanillish,,,x,,,,,,,,,,,x,,,,
584,Vanilluxe,,,,x,,,,,,,,,,x,,,,
585,Deerling,,x,,,,,,,,,,,,x,,,,
586,Sawsbuck,,,,x,,,,,,,,,,x,,,,
587,Emolga,,,,,x,,,,,,,,,x,,,,
588,Karrablast,,x,,,,,,,,,,,,x,,,,
589,Escavalier,,,,x,,,,,,,,,,x,,,,
590,Foongus,,x,,,,,,,,,,,,x,,,,
591,Amoonguss,,,,x,,,,,,,,,,x,,,,
592,Frillish,,x,,,,,,,,,,,,x,,,,
593,Jellicent,,,,x,,,,,,,,,,x,,,,
594,Alomomola,,,,,x,,,,,,,,,x,,,,
595,Joltik,,x,,,,,,,,,,,,x,,,,
596,Galvantula,,,,x,,,,,,,,,,x,,,,
597,Ferroseed,,x,,,,,,,,,,,,x,,,,
598,Ferrothorn,,,,x,,,,,,,,,,x,,,,
599,Klink,,x,,,,,,,,,,,,x,,,,
600,Klang,,,x,,,,,,,,,,,x,,,,
601,Klinklang,,,,x,,,,,,,,,,x,,,,
602,Tynamo,,x,,,,,,,,,,,,x,,,,
603,Eelektrik,,,x,,,,,,,,,,,x,,,,
604,Eelektross,,,,x,,,,,,,,,,x,,,,
605,Elgyem,,x,,,,,,,,,,,,x,,,,
606,Beheeyem,,,,x,,,,,,,,,,x,,,,
607,Litwick,,x,,,,,,,,,,,,x,,,,
608,Lampent,,,x,,,,,,,,,,,x,,,,
609,Chandelure,,,,x,,,,,,,,,,x,,,,
610,Axew,,x,,,,,,,,,,,,x,,,,
611,Fraxure,,,x,,,,,,,,,,,x,,,,
612,Haxorus,,,,x,,,,,,,,,,x,,,,
613,Cubchoo,,x,,,,,,,,,,,,x,,,,
614,Beartic,,,,x,,,,,,,,,,x,,,,
615,Cryogonal,,,,,x,,,,,,,,,x,,,,
616,Shelmet,,x,,,,,,,,,,,,x,,,,
617,Accelgor,,,,x,,,,,,,,,,x,,,,
618,Stunfisk,,,,,x,,x,,,,,,,x,,,,
619,Mienfoo,,x,,,,,,,,,,,,x,,x,,
620,Mienshao,,,,x,,,,,,,,,,x,,,x,
621,Druddigon,,,,,x,,,,,,,,,x,,,,
622,Golett,,x,,,,,,,,,,,,x,,,,
623,Golurk,,,,x,,,,,,,,,,x,,,,
624,Pawniard,,x,,,,,,,,,,,,x,,,,
625,Bisharp,,,,x,,,,,,,,,,x,,,,
626,Bouffalant,,,,,x,,,,,,,,,x,,,,
627,Rufflet,,x,,,,,,,,,,,,x,,,,
628,Braviary,,,,x,,,x,,,,,,,x,,,,
629,Vullaby,,x,,,,,,,,,,,,x,,,,
630,Mandibuzz,,,,x,,,,,,,,,,x,,,,
631,Heatmor,,,,,x,,,,,,,,,x,,,,
632,Durant,,,,,x,,,,,,,,,x,,,,
633,Deino,,x,,,,,,,,x,,,,x,,,,
634,Zweilous,,,x,,,,,,,x,,,,x,,,,
635,Hydreigon,,,,x,,,,,,x,,,,x,,,,
636,Larvesta,,x,,,,,,,,,,,,x,,,,
637,Volcarona,,,,x,,,,,,,,,,x,,,,
638,Cobalion,,,,,x,,,,,,x,,,x,,,,
639,Terrakion,,,,,x,,,,,,x,,,x,,,,
640,Virizion,,,,,x,,,,,,x,,,x,,,,
641,Tornadus,,,,,x,,,,,,x,,,x,,,,
642,Thundurus,,,,,x,,,,,,x,,,x,,,,
643,Reshiram,,,,,x,,,,,,x,,,x,,,,
644,Zekrom,,,,,x,,,,,,x,,,x,,,,
645,Landorus,,,,,x,,,,,,x,,,x,,,,
646,Kyurem,,,,,x,,,,,,x,,,x,,,,
647,Keldeo,,,,,x,,,,,,,x,,x,,,,
648,Meloetta,,,,,x,,,,,,,x,,x,,,,
649,Genesect,,,,,x,,,,,,,x,,x,,,,
650,Chespin,,x,,,,,,,,,,,,,x,,,
651,Quilladin,,,x,,,,,,,,,,,,x,,,
652,Chesnaught,,,,x,,,,,,,,,,,x,,,
653,Fennekin,,x,,,,,,,,,,,,,x,,x,
654,Braixen,,,x,,,,,,,,,,,,x,,x,
655,Delphox,,,,x,,,,,,,,,,,x,,x,
656,Froakie,,x,,,,,,,,,,,,,x,,,
657,Frogadier,,,x,,,,,,,,,,,,x,,,
658,Greninja,,,,x,,,,,,,,,,,x,,x,
659,Bunnelby,,x,,,,,,,,,,,,,x,,,
660,Diggersby,,,,x,,,,,,,,,,,x,,,
661,Fletchling,,x,,,,,,,,,,,,,x,,,
662,Fletchinder,,,x,,,,,,,,,,,,x,,,
663,Talonflame,,,,x,,,,,,,,,,,x,,,
664,Scatterbug,,x,,,,,,,,,,,,,x,,,
665,Spewpa,,,x,,,,,,,,,,,,x,,,
666,Vivillon,,,,x,,x,,,,,,,,,x,,,
667,Litleo,,x,,,,,,,,,,,,,x,,,
668,Pyroar,,,,x,,,,,,,,,,,x,,,
669,Flab�b�,,x,,,,x,,,,,,,,,x,,,
670,Floette,,,x,,,x,,,,,,,,,x,,,
671,Florges,,,,x,,x,,,,,,,,,x,,,
672,Skiddo,,x,,,,,,,,,,,,,x,,,
673,Gogoat,,,,x,,,,,,,,,,,x,,,
674,Pancham,,x,,,,,,,,,,,,,x,,,
675,Pangoro,,,,x,,,,,,,,,,,x,,,
676,Furfrou,,,,,x,,,,,,,,,,x,,,
677,Espurr,,x,,,,,,,,,,,,,x,,,
678,Meowstic,,,,x,,,,,,,,,,,x,,,
679,Honedge,,x,,,,,,,,,,,,,x,,,
680,Doublade,,,x,,,,,,,,,,,,x,,,
681,Aegislash,,,,x,,,,,,,,,,,x,,,
682,Spritzee,,x,,,,,,,,,,,,,x,,,
683,Aromatisse,,,,x,,,,,,,,,,,x,,,
684,Swirlix,,x,,,,,,,,,,,,,x,,,
685,Slurpuff,,,,x,,,,,,,,,,,x,,,
686,Inkay,,x,,,,,,,,,,,,,x,,,
687,Malamar,,,,x,,,,,,,,,,,x,,,
688,Binacle,,x,,,,,,,,,,,,,x,,,
689,Barbaracle,,,,x,,,,,,,,,,,x,,,
690,Skrelp,,x,,,,,,,,,,,,,x,,,
691,Dragalge,,,,x,,,,,,,,,,,x,,,
692,Clauncher,,x,,,,,,,,,,,,,x,,,
693,Clawitzer,,,,x,,,,,,,,,,,x,,,
694,Helioptile,,x,,,,,,,,,,,,,x,,,
695,Heliolisk,,,,x,,,,,,,,,,,x,,,
696,Tyrunt,,x,,,,,,,,,,,,,x,,,
697,Tyrantrum,,,,x,,,,,,,,,,,x,,,
698,Amaura,,x,,,,,,,,,,,,,x,,,
699,Aurorus,,,,x,,,,,,,,,,,x,,,
700,Sylveon,,,,x,,,,,,,,,,,x,,x,
701,Hawlucha,,,,,x,,,,,,,,,,x,,,
702,Dedenne,,,,,x,,,,,,,,,,x,,,
703,Carbink,,,,,x,,,,,,,,,,x,,,
704,Goomy,,x,,,,,,,,x,,,,,x,,,
705,Sliggoo,,,x,,,,x,,,x,,,,,x,,,
706,Goodra,,,,x,,,x,,,x,,,,,x,,x,
707,Klefki,,,,,x,,,,,,,,,,x,,,
708,Phantump,,x,,,,,,,,,,,,,x,,,
709,Trevenant,,,,x,,,,,,,,,,,x,,,
710,Pumpkaboo,,x,,,,x,,,,,,,,,x,,,
711,Gourgeist,,,,x,,,,,,,,,,,x,,,
712,Bergmite,,x,,,,,,,,,,,,,x,,,
713,Avalugg,,,,x,,,x,,,,,,,,x,,,
714,Noibat,,x,,,,,,,,,,,,,x,,,
715,Noivern,,,,x,,,,,,,,,,,x,,,
716,Xerneas,,,,,x,,,,,,,x,,,x,,,
717,Yveltal,,,,,x,,,,,,,x,,,x,,,
718,Zygarde,,,,,x,,,,,,,x,,,x,,,
719,Diancie,,,,,x,,,x,,,,,x,,x,,,
720,Hoopa,,,,,x,,,,,,,,x,,x,,,
721,Volcanion,,,,,x,,,,,,,,x,,x,,,
722,Rowlet,,x,,,,,,,,,,,,x,,,,
723,Dartrix,,,x,,,,,,,,,,,x,,,,
724,Decidueye,,,,x,,,x,,,,,,,x,,,,
725,Litten,,x,,,,,,,,,,,,x,,,,
726,Torracat,,,x,,,,,,,,,,,x,,,,
727,Incineroar,,,,x,,,,,,,,,,x,,,x,
728,Popplio,,x,,,,,,,,,,,,x,,,,
729,Brionne,,,x,,,,,,,,,,,x,,,,
730,x,,,,x,,,,,,,,,,x,,,,
731,Pikipek,,x,,,,,,,,,,,,x,,,,
732,Trumbeak,,,x,,,,,,,,,,,x,,,,
733,Toucannon,,,,x,,,,,,,,,,x,,,,
734,Yungoos,,x,,,,,,,,,,,,x,,,,
735,Gumshoos,,,,x,,,,,,,,,,x,,,,
736,Grubbin,,x,,,,,,,,,,,,x,,,,
737,Charjabug,,,x,,,,,,,,,,,x,,,,
738,Vikavolt,,,,x,,,,,,,,,,x,,,,
739,Crabrawler,,x,,,,,,,,,,,,x,,,,
740,Crabominable,,,,x,,,,,,,,,,x,,,,
741,Oricorio,,,,,x,,,,,,,,,x,,,,
742,Cutiefly,,x,,,,,,,,,,,,x,,,,
743,Ribombee,,,,x,,,,,,,,,,x,,,,
744,Rockruff,,x,,,,,,,,,,,,x,,,,
745,Lycanroc,,,,x,,x,,,,,,,,x,,,x,
746,Wishiwashi,,,,,x,,,,,,,,,x,,,,
747,Mareanie,,x,,,,,,,,,,,,x,,,,
748,Toxapex,,,,x,,,,,,,,,,x,,,,
749,Mudbray,,x,,,,,,,,,,,,x,,,,
750,Mudsdale,,,,x,,,,,,,,,,x,,,,
751,Dewpider,,x,,,,,,,,,,,,x,,,,
752,Araquanid,,,,x,,,,,,,,,,x,,,,
753,Fomantis,,x,,,,,,,,,,,,x,,,,
754,Lurantis,,,,x,,,,,,,,,,x,,,,
755,Morelull,,x,,,,,,,,,,,,x,,,,
756,Shiinotic,,,,x,,,,,,,,,,x,,,,
757,Salandit,,x,,,,,,,,,,,,x,,,,
758,Salazzle,,,,x,,,,,,,,,,x,,,x,
759,Stufful,,x,,,,,,,,,,,,x,,,,
760,Bewear,,,,x,,,,,,,,,,x,,,,
761,Bounsweet,,x,,,,,,,,,,,,x,,,,
762,Steenee,,,x,,,,,,,,,,,x,,,,
763,Tsareena,,,,x,,,,,,,,,,x,,,,
764,Comfey,,,,,x,,,,,,,,,x,,,,
765,Oranguru,,,,,x,,,,,,,,,x,,,,
766,Passimian,,,,,x,,,,,,,,,x,,,,
767,Wimpod,,x,,,,,,,,,,,,x,,,,
768,Golisopod,,,,x,,,,,,,,,,x,,,,
769,Sandygast,,x,,,,,,,,,,,,x,,,,
770,Palossand,,,,x,,,,,,,,,,x,,,,
771,Pyukumuku,,,,,x,,,,,,,,,x,,,,
772,Type: Null,,x,,,,,,,,,x,,,x,,,,
773,Silvally,,,,x,,,,,,,x,,,x,,,,
774,Minior,,,,,x,,,,,,,,,x,,,,
775,Komala,,,,,x,,,,,,,,,x,,,,
776,Turtonator,,,,,x,,,,,,,,,x,,,,
777,Togedemaru,,,,,x,,,,,,,,,x,,,,
778,Mimikyu,,,,,x,,,,,,,,,x,,,,
779,Bruxish,,,,,x,,,,,,,,,x,,,,
780,Drampa,,,,,x,,,,,,,,,x,,,,
781,Dhelmise,,,,,x,,,,,,,,,x,,,,
782,Jangmo-o,,x,,,,,,,,x,,,,x,,,,
783,Hakamo-o,,,x,,,,,,,x,,,,x,,,,
784,Kommo-o,,,,x,,,,,,x,,,,x,,,,
785,Tapu Koko,,,,,x,,,,,,x,,,x,,,,
786,Tapu Lele,,,,,x,,,,,,x,,,x,,,,
787,Tapu Bulu,,,,,x,,,,,,x,,,x,,,,
788,Tapu Fini,,,,,x,,,,,,x,,,x,,,,
789,Cosmog,,x,,,,,,,,,x,,,x,,,,
790,Cosmoem,,,x,,,,,,,,x,,,x,,,,
791,Solgaleo,,,,x,,,,,,,x,,,x,,,,
792,Lunala,,,,x,,,,,,,x,,,x,,,,
793,Nihilego,,,,,x,,,,,,x,,,x,,,,
794,Buzzwole,,,,,x,,,,,,x,,,x,,,,
795,Pheromosa,,,,,x,,,,,,x,,,x,,,,
796,Xurkitree,,,,,x,,,,,,x,,,x,,,,
797,Celesteela,,,,,x,,,,,,x,,,x,,,,
798,Kartana,,,,,x,,,,,,x,,,x,,,,
799,Guzzlord,,,,,x,,,,,,x,,,x,,,,
800,Necrozma,,,,,x,,,,,,x,,,x,,,,
801,Magearna,,,,,x,,,,,,,x,,x,,,,
802,Marshadow,,,,,x,,,,,,,x,,x,,,,
803,Poipole,,x,,,,,,,,,x,,,x,,,,
804,Naganadel,,,,x,,,,,,,x,,,x,,,,
805,Stakataka,,,,,x,,,,,,x,,,x,,,,
806,Blacephalon,,,,,x,,,,,,x,,,x,,,,
807,Zeraora,,,,,x,,,,,,,x,,x,,,,
808,Meltan,,x,,,,,,,x,,,x,,x,,x,,
809,Melmetal,,,,x,,,,,x,,,x,,x,,x,,
810,Grookey,,x,,,,,,,x,,,,,,,x,,
811,Thwackey,,,x,,,,,,x,,,,,,,x,,
812,Rillaboom,,,,x,,,,,x,,,,,,,x,,
813,Scorbunny,,x,,,,,,,x,,,,,,,x,,
814,Raboot,,,x,,,,,,x,,,,,,,x,,
815,Cinderace,,,,x,,,,,x,,,,,,,x,,
816,Sobble,,x,,,,,,,x,,,,,,,x,,
817,Drizzile,,,x,,,,,,x,,,,,,,x,,
818,Inteleon,,,,x,,,,,x,,,,,,,x,,
819,Skwovet,,x,,,,,,,,,,,,,,x,,
820,Greedent,,,x,,,,,,,,,,,,,x,,
821,Rookidee,,x,,,,,,,x,,,,,,,x,,
822,Corvisquire,,,x,,,,,,x,,,,,,,x,,
823,Corviknight,,,,x,,,,,x,,,,,,,x,,
824,Blipbug,,x,,,,,,,x,,,,,,,x,,
825,Dottler,,,x,,,,,,x,,,,,,,x,,
826,Orbeetle,,,,x,,,,,x,,,,,,,x,,
827,Nickit,,x,,,,,,,,,,,,,,x,,
828,Thievul,,,,x,,,,,,,,,,,,x,,
829,Gossifleur,,x,,,,,,,,,,,,,,x,,
830,Eldegoss,,,,x,,,,,,,,,,,,x,,
831,Wooloo,,x,,,,,,,,,,,,,,x,,
832,Dubwool,,,,x,,,,,,,,,,,,x,,
833,Chewtle,,x,,,,,,,x,,,,,,,x,,
834,Drednaw,,,,x,,,,,x,,,,,,,x,,
835,Yamper,,x,,,,,,,,,,,,,,x,,
836,Boltund,,,,x,,,,,,,,,,,,x,,
837,Rolycoly,,x,,,,,,,x,,,,,,,x,,
838,Carkol,,,x,,,,,,x,,,,,,,x,,
839,Coalossal,,,,x,,,,,x,,,,,,,x,,
840,Applin,,x,,,,,,,x,,,,,,,x,,
841,Flapple,,,,x,,,,,x,,,,,,,x,,
842,Appletun,,,,x,,,,,x,,,,,,,x,,
843,Silicobra,,x,,,,,,,x,,,,,,,x,,
844,Sandaconda,,,,x,,,,,x,,,,,,,x,,
845,Cramorant,,,,,x,,,,,,,,,,,x,,
846,Arrokuda,,x,,,,,,,,,,,,,,x,,
847,Barraskewda,,,,x,,,,,,,,,,,,x,,
848,Toxel,x,,,,,,,,x,,,,,,,x,,
849,Toxtricity,,,,x,,x,,,x,,,,,,,x,,
850,Sizzlipede,,x,,,,,,,x,,,,,,,x,,
851,Centiskorch,,,,x,,,,,x,,,,,,,x,,
852,Clobbopus,,x,,,,,,,,,,,,,,x,,
853,Grapploct,,,,x,,,,,,,,,,,,x,,
854,Sinistea,,x,,,,x,,,,,,,,,,x,,
855,Polteageist,,,,x,,,,,,,,,,,,x,,
856,Hatenna,,x,,,,,,,x,,,,,,,x,,
857,Hattrem,,,x,,,,,,x,,,,,,,x,,
858,Hatterene,,,,x,,,,,x,,,,,,,x,,
859,Impidimp,,x,,,,,,,x,,,,,,,x,,
860,Morgrem,,,x,,,,,,x,,,,,,,x,,
861,Grimmsnarl,,,,x,,,,,x,,,,,,,x,,
862,Obstagoon,,,,x,,,,,,,,,,,,x,,
863,Perrserker,,,,x,,,,,,,,,,,,x,,
864,Cursola,,,,,x,,,,,,,,,,,x,,
865,Sirfetch'd,,,,x,,,,,,,,,,,,x,,
866,Mr. Rime,,,,x,,,,,,,,,,,,x,,
867,Runerigus,,,,x,,,,,,,,,,,,x,,
868,Milcery,,x,,,,,,,x,,,,,,,x,,
869,Alcremie,,,,x,,x,,,x,,,,,,,x,,
870,Falinks,,,,,x,,,,,,,,,,,x,,
871,Pincurchin,,,,,x,,,,,,,,,,,x,,
872,Snom,,x,,,,,,,,,,,,,,x,,
873,Frosmoth,,,,x,,,,,,,,,,,,x,,
874,Stonjourner,,,,,x,,,,,,,,,,,x,,
875,Eiscue,,,,,x,,,,,,,,,,,x,,
876,Indeedee,,,,,x,,,,,,,,,,,x,,
877,Morpeko,,,,,x,,,,,,,,,,,x,,
878,Cufant,,x,,,,,,,x,,,,,,,x,,
879,Copperajah,,,,x,,,,,x,,,,,,,x,,
880,Dracozolt,,x,,,,,,,,,,,,,,x,,
881,Arctozolt,,,,x,,,,,,,,,,,,x,,
882,Dracovish,,,,,x,,,,,,,,,,,x,,
883,Arctovish,,,,,x,,,,,,,,,,,x,,
884,Duraludon,,,,,x,,,,x,,,,,,,x,,
885,Dreepy,,x,,,,,,,,x,,,,,,x,,
886,Drakloak,,,x,,,,,,,x,,,,,,x,,
887,Dragapult,,,,x,,,,,,x,,,,,,x,,
888,Zacian,,,,,x,,,,,,x,,,,,x,,
889,Zamazenta,,,,,x,,,,,,x,,,,,x,,
890,Eternatus,,,,,x,,,,,,x,,,,,x,,
891,Kubfu,,x,,,,,,,x,,x,,,,,x,,
892,Urshifu,,,,x,,x,,,x,,x,,,,,x,,
893,Zarude,,,,,x,x,,,,,,x,,,,x,,
894,Regieleki,,,,,x,,,,,,x,,,,,x,,
895,Regidrago,,,,,x,,,,,,x,,,,,x,,
896,Glastrier,,,,,x,,,,,,x,,,,,x,,
897,Spectrier,,,,,x,,,,,,x,,,,,x,,
898,Calyrex,,,,,x,,,,,,x,,,,,x,,
899,Wyrdeer,,,,x,,,,,,,,,x,,,,,
900,Kleavor,,,,x,,,,,,,,,x,,,,,
901,Ursaluna,,,,x,,,,,,,,,x,,,,,
902,Basculegion,,,,x,,,,,,,,,x,,,,,
903,Sneasler,,,,x,,,,,,,,,x,,,,,
904,Overqwil,,,,x,,,,,,,,,x,,,,,
905,Enamorus,,,,,x,,,,,,,,x,,,,,
,,,,,,,,,,,,,x,x,,,,,
